Category,Avg_PSNR_SR,Avg_PSNR_UP,Avg_SSIM_SR,Avg_SSIM_UP,Avg_BRISQUE_SR,Avg_BRISQUE_UP,Avg_AG_HR,Avg_AG_SR,Avg_AG_UP, RMSE_SR, RMSE_UP, Blur_SR, Blur_UP
High-Density_Urban,30.3029,33.2342,0.8228,0.7890,11.7446,15.7165,40.8963,29.2783,28.8150, 9.1369,5.7643,37.772524, 9.7139
Low-Density_Urban,31.0919,34.0982,0.8827,0.8664,11.6829,15.4610,36.3365,23.5319,23.4119, 8.1982,5.1568,24.508727, 7.0601
Industrial_&_Infrastructure,31.1704,34.8836,0.9046,0.8763,11.7093,15.3827,31.3579,22.2560,21.3269, 8.3383,4.7279,27.698746, 6.6552
Non-Urban__Green,33.4312,36.7187,0.9668,0.9626,13.8525,16.3926,28.9506,18.3605,17.6848, 6.1765,3.7859,12.234689, 4.5291
