Category,Avg_PSNR_SR,Avg_PSNR_UP,Avg_SSIM_SR,Avg_SSIM_UP,Avg_BRISQUE_SR,Avg_BRISQUE_UP,Avg_AG_HR,Avg_AG_SR,Avg_AG_UP, RMSE_SR, RMSE_UP, Blur_SR, Blur_UP, LPIPS_SR, LPIPS_UP
High-Density_Urban,18.2394,34.1011,0.7859,0.8315,13.5584,15.8105,37.5504,19.4062,26.0293, 32.1367,5.2017,14.839864, 8.1037, 0.6702, 0.2884
Low-Density_Urban,18.5669,35.6745,0.8041,0.9274,12.7571,15.6448,30.6770,27.8050,19.2767, 31.4306,4.2364,27.483768, 5.2080, 0.6525, 0.2980
Industrial_&_Infrastructure,17.9736,35.7177,0.8504,0.9045,13.5650,15.3603,27.3941,23.1896,19.1392, 33.4926,4.3160,16.608406, 5.9504, 0.6548, 0.2487
Non-Urban__Green,18.4236,37.0153,0.9096,0.9705,13.3603,16.4557,27.6930,21.1193,16.9819, 33.0840,3.6280,18.598091, 4.3231, 0.6750, 0.2751
