Category,Avg_PSNR_SR,Avg_PSNR_UP,Avg_SSIM_SR,Avg_SSIM_UP,Avg_BRISQUE_SR,Avg_BRISQUE_UP,Avg_AG_HR,Avg_AG_SR,Avg_AG_UP, RMSE_SR, RMSE_UP, Blur_SR, Blur_UP
High-Density_Urban,32.7844,33.5968,0.8939,0.8844,12.9879,15.9611,41.1493,31.5662,30.4556, 6.2300,5.4970,30.812216, 9.2873
Low-Density_Urban,32.9313,34.5972,0.8721,0.8651,13.5204,15.9270,34.9792,22.5649,21.2814, 5.9251,4.8770,17.158721, 6.2317
Industrial_&_Infrastructure,31.1027,34.7815,0.8891,0.8921,11.8963,15.1159,30.9907,20.8494,20.4930, 8.4104,4.8237,21.334605, 6.7433
Non-Urban__Green,34.0795,36.4945,0.8847,0.8909,14.0293,16.1385,29.7026,18.7307,18.2205, 5.4423,3.8871,10.378511, 4.6686
